Position ID,Bin ID,Price,Position Liquidity,Position X Amount,Position Y Amount,Liquidity Share (%)
Hx9dxDXnDfb3WC3EMXUJVbk7MeWQt8A19AX4VvpmbtJB,-137,0.33566580500957725566,0,0,0,0.00%
Hx9dxDXnDfb3WC3EMXUJVbk7MeWQt8A19AX4VvpmbtJB,-136,0.3383511314496538737,0,0,0,0.00%
Hx9dxDXnDfb3WC3EMXUJVbk7MeWQt8A19AX4VvpmbtJB,-135,0.34105794050125110469,0,0,0,0.00%
Hx9dxDXnDfb3WC3EMXUJVbk7MeWQt8A19AX4VvpmbtJB,-134,0.34378640402526111353,0,0,0,0.00%
Hx9dxDXnDfb3WC3EMXUJVbk7MeWQt8A19AX4VvpmbtJB,-133,0.34653669525746320244,0,0,0,0.00%
Hx9dxDXnDfb3WC3EMXUJVbk7MeWQt8A19AX4VvpmbtJB,-132,0.34930898881952290806,0,0,0,0.00%
Hx9dxDXnDfb3WC3EMXUJVbk7MeWQt8A19AX4VvpmbtJB,-131,0.35210346073007909132,0,0,0,0.00%
Hx9dxDXnDfb3WC3EMXUJVbk7MeWQt8A19AX4VvpmbtJB,-130,0.35492028841591972405,0,0,0,0.00%
Hx9dxDXnDfb3WC3EMXUJVbk7MeWQt8A19AX4VvpmbtJB,-129,0.35775965072324708185,0,0,0,0.00%
Hx9dxDXnDfb3WC3EMXUJVbk7MeWQt8A19AX4VvpmbtJB,-128,0.3606217279290330585,0,0,0,0.00%
Hx9dxDXnDfb3WC3EMXUJVbk7MeWQt8A19AX4VvpmbtJB,-127,0.36350670175246532297,0,0,0,0.00%
Hx9dxDXnDfb3WC3EMXUJVbk7MeWQt8A19AX4VvpmbtJB,-126,0.36641475536648504555,0,0,0,0.00%
Hx9dxDXnDfb3WC3EMXUJVbk7MeWQt8A19AX4VvpmbtJB,-125,0.36934607340941692592,0,0,0,0.00%
2VKtWWK9TdaNWumFbtigmKXyGPtrTjEVh9SwEazuNnVT,-25,0.60953087052827918189,1.0391082409438086456404347669e+28,0,563.301706332265,1.23%
2VKtWWK9TdaNWumFbtigmKXyGPtrTjEVh9SwEazuNnVT,-24,0.62172148793884476553,1.0489896087102728647502239083e+28,0,568.6584065808127,1.24%
2VKtWWK9TdaNWumFbtigmKXyGPtrTjEVh9SwEazuNnVT,-23,0.63415591769762166084,1.0588709779519529070168173626e+28,0,574.0151075808454,1.25%
2VKtWWK9TdaNWumFbtigmKXyGPtrTjEVh9SwEazuNnVT,-22,0.64683903605157409406,1.0687523458906074247613586979e+28,0,579.3718078400764,1.26%
2VKtWWK9TdaNWumFbtigmKXyGPtrTjEVh9SwEazuNnVT,-21,0.65977581677260557594,1.0786337151705093337613435001e+28,0,584.7285088400222,1.26%
2VKtWWK9TdaNWumFbtigmKXyGPtrTjEVh9SwEazuNnVT,-20,0.67297133310805768746,1.088515084410168849908743992e+28,0,590.0852098400579,1.27%
2VKtWWK9TdaNWumFbtigmKXyGPtrTjEVh9SwEazuNnVT,-19,0.68643075977021884121,1.0983964534800145200979518555e+28,0,595.4419108503232,1.23%
2VKtWWK9TdaNWumFbtigmKXyGPtrTjEVh9SwEazuNnVT,-18,0.70015937496562321803,1.1082778212261837760663780489e+28,0,600.7986111042381,1.21%
2VKtWWK9TdaNWumFbtigmKXyGPtrTjEVh9SwEazuNnVT,-17,0.71416256246493568239,1.1181591916825862290849547421e+28,0,606.155312858039,1.21%
2VKtWWK9TdaNWumFbtigmKXyGPtrTjEVh9SwEazuNnVT,-16,0.72844581371423439604,1.1280405586584648223084851397e+28,0,611.5120131063425,1.22%
2VKtWWK9TdaNWumFbtigmKXyGPtrTjEVh9SwEazuNnVT,-15,0.74301472998851908396,1.1379219226936852820984525905e+28,0,616.8687133789183,1.23%
2VKtWWK9TdaNWumFbtigmKXyGPtrTjEVh9SwEazuNnVT,-14,0.75787502458828946564,1.1477994737033768820825384645e+28,0,622.2254136260383,1.23%
2VKtWWK9TdaNWumFbtigmKXyGPtrTjEVh9SwEazuNnVT,-13,0.77303252508005525495,1.157684650901549327669174834e+28,0,627.5821146254823,1.24%
2VKtWWK9TdaNWumFbtigmKXyGPtrTjEVh9SwEazuNnVT,-12,0.78849317558165636005,1.1674219728077769990052231067e+28,0,632.9388171112972,0.92%
2VKtWWK9TdaNWumFbtigmKXyGPtrTjEVh9SwEazuNnVT,-11,0.80426303909328948725,1.177356393909057999744488416e+28,0,638.2955166069838,0.92%
2VKtWWK9TdaNWumFbtigmKXyGPtrTjEVh9SwEazuNnVT,-10,0.820348299875155277,1.1873287581373715855809290928e+28,0,643.6522176067697,0.93%
2VKtWWK9TdaNWumFbtigmKXyGPtrTjEVh9SwEazuNnVT,-9,0.83675526587265838254,1.1938667283973745053337606857e+28,0,649.008917863781,0.92%
2VKtWWK9TdaNWumFbtigmKXyGPtrTjEVh9SwEazuNnVT,-8,0.85349037119011155019,1.207030629493445343655207218e+28,0,654.3656188638193,0.93%
2VKtWWK9TdaNWumFbtigmKXyGPtrTjEVh9SwEazuNnVT,-7,0.87056017861391378119,1.216145418861011624045259675e+28,0,659.7223198626883,0.94%
2VKtWWK9TdaNWumFbtigmKXyGPtrTjEVh9SwEazuNnVT,-6,0.88797138218619205682,1.225366767987958650736795844e+28,0,665.0790208670803,0.94%
2VKtWWK9TdaNWumFbtigmKXyGPtrTjEVh9SwEazuNnVT,-5,0.90573080982991589795,1.2365679322077072139847636255e+28,0,670.4357218714438,0.89%
2VKtWWK9TdaNWumFbtigmKXyGPtrTjEVh9SwEazuNnVT,-4,0.92384542602651421591,1.2453201713612313086128066794e+28,0,675.7924213846622,0.87%
2VKtWWK9TdaNWumFbtigmKXyGPtrTjEVh9SwEazuNnVT,-3,0.94232233454704450023,1.2561868901606618763755357223e+28,0,681.1491231296502,0.87%
2VKtWWK9TdaNWumFbtigmKXyGPtrTjEVh9SwEazuNnVT,-2,0.96116878123798539023,1.265180990652415536580706435e+28,0,686.5058242085378,0.85%
2VKtWWK9TdaNWumFbtigmKXyGPtrTjEVh9SwEazuNnVT,-1,0.98039215686274509804,1.2726402739897316308170660352e+28,0,691.864188705981,0.84%
2VKtWWK9TdaNWumFbtigmKXyGPtrTjEVh9SwEazuNnVT,0,1,1.2790526039014217811482767827e+28,0,693.8679560184518,0.75%
2VKtWWK9TdaNWumFbtigmKXyGPtrTjEVh9SwEazuNnVT,1,1.02,1.6859243523785196001340887618e+28,898.7926807399197,0.03936636116682356,1.00%
2VKtWWK9TdaNWumFbtigmKXyGPtrTjEVh9SwEazuNnVT,2,1.0404,1.9817490667296648763567547443e+28,1032.9784452445938,0,1.15%
2VKtWWK9TdaNWumFbtigmKXyGPtrTjEVh9SwEazuNnVT,3,1.061208,1.9534252301325005946831170037e+28,1003.0601626117283,0,1.12%
2VKtWWK9TdaNWumFbtigmKXyGPtrTjEVh9SwEazuNnVT,4,1.08243216,1.9402234539318901244914627917e+28,973.9906959508088,0,1.11%
2VKtWWK9TdaNWumFbtigmKXyGPtrTjEVh9SwEazuNnVT,5,1.1040808032,1.9190733219284240348276659518e+28,945.6949326235922,0,1.10%
2VKtWWK9TdaNWumFbtigmKXyGPtrTjEVh9SwEazuNnVT,6,1.126162419264,1.903356183105163149405847548e+28,918.1369159735808,0,1.11%
2VKtWWK9TdaNWumFbtigmKXyGPtrTjEVh9SwEazuNnVT,7,1.14868566764928,1.8760656846529121552128988952e+28,886.3372966462078,0,1.12%
2VKtWWK9TdaNWumFbtigmKXyGPtrTjEVh9SwEazuNnVT,8,1.1716593810022656,1.855698693840732124607607567e+28,859.6032948974707,0,1.07%
2VKtWWK9TdaNWumFbtigmKXyGPtrTjEVh9SwEazuNnVT,9,1.195092568622310912,1.8367756982578630038802723543e+28,833.4471322835201,0,1.03%
2VKtWWK9TdaNWumFbtigmKXyGPtrTjEVh9SwEazuNnVT,10,1.2189944199947571302,1.8104130835191814597213116879e+28,806.8634238483015,0,1.00%
2VKtWWK9TdaNWumFbtigmKXyGPtrTjEVh9SwEazuNnVT,11,1.2433743083946522728,2.1460181061350073498787125621e+28,935.649944193618,0,1.16%
2VKtWWK9TdaNWumFbtigmKXyGPtrTjEVh9SwEazuNnVT,12,1.2682417945625453183,2.0487729915457279889846594379e+28,878.5365188099565,0,1.16%
2VKtWWK9TdaNWumFbtigmKXyGPtrTjEVh9SwEazuNnVT,13,1.2936066304537962247,1.9608798474923827575243108427e+28,823.3031076088628,0,1.07%
2VKtWWK9TdaNWumFbtigmKXyGPtrTjEVh9SwEazuNnVT,14,1.3194787630628721492,1.8719646435290849323529977698e+28,769.8979448098974,0,1.01%
2VKtWWK9TdaNWumFbtigmKXyGPtrTjEVh9SwEazuNnVT,15,1.3458683383241295921,1.7818798132241392579595431906e+28,718.2705682926025,0,0.94%
2VKtWWK9TdaNWumFbtigmKXyGPtrTjEVh9SwEazuNnVT,16,1.372785705090612184,1.692275724256850335512634922e+28,668.3717932963038,0,0.89%
2VKtWWK9TdaNWumFbtigmKXyGPtrTjEVh9SwEazuNnVT,17,1.4002414191924244277,1.5998819446280575072681141418e+28,620.1536812966049,0,0.84%
2VKtWWK9TdaNWumFbtigmKXyGPtrTjEVh9SwEazuNnVT,18,1.4282462475762729162,1.508590612431050995464949271e+28,573.5695093516966,0,0.79%
2VKtWWK9TdaNWumFbtigmKXyGPtrTjEVh9SwEazuNnVT,19,1.4568111725277983745,1.4198566275924747296126395679e+28,528.5737384036055,0,0.74%
2VKtWWK9TdaNWumFbtigmKXyGPtrTjEVh9SwEazuNnVT,20,1.485947395978354342,1.3297626075579772598388628512e+28,485.12198814577664,0,0.67%
DR2x2oU1vTiRmPJnoEQSK8dZdfoavGLejrf5PND7GHfi,2,1.0404,0,0,0,0.00%
DR2x2oU1vTiRmPJnoEQSK8dZdfoavGLejrf5PND7GHfi,3,1.061208,0,0,0,0.00%
DR2x2oU1vTiRmPJnoEQSK8dZdfoavGLejrf5PND7GHfi,4,1.08243216,0,0,0,0.00%
DR2x2oU1vTiRmPJnoEQSK8dZdfoavGLejrf5PND7GHfi,5,1.1040808032,0,0,0,0.00%
DR2x2oU1vTiRmPJnoEQSK8dZdfoavGLejrf5PND7GHfi,6,1.126162419264,0,0,0,0.00%
DR2x2oU1vTiRmPJnoEQSK8dZdfoavGLejrf5PND7GHfi,7,1.14868566764928,0,0,0,0.00%
DR2x2oU1vTiRmPJnoEQSK8dZdfoavGLejrf5PND7GHfi,8,1.1716593810022656,0,0,0,0.00%
DR2x2oU1vTiRmPJnoEQSK8dZdfoavGLejrf5PND7GHfi,9,1.195092568622310912,0,0,0,0.00%
DR2x2oU1vTiRmPJnoEQSK8dZdfoavGLejrf5PND7GHfi,10,1.2189944199947571302,0,0,0,0.00%
DR2x2oU1vTiRmPJnoEQSK8dZdfoavGLejrf5PND7GHfi,11,1.2433743083946522728,0,0,0,0.00%
DR2x2oU1vTiRmPJnoEQSK8dZdfoavGLejrf5PND7GHfi,12,1.2682417945625453183,0,0,0,0.00%
DR2x2oU1vTiRmPJnoEQSK8dZdfoavGLejrf5PND7GHfi,13,1.2936066304537962247,0,0,0,0.00%
DR2x2oU1vTiRmPJnoEQSK8dZdfoavGLejrf5PND7GHfi,14,1.3194787630628721492,0,0,0,0.00%
DR2x2oU1vTiRmPJnoEQSK8dZdfoavGLejrf5PND7GHfi,15,1.3458683383241295921,0,0,0,0.00%
DR2x2oU1vTiRmPJnoEQSK8dZdfoavGLejrf5PND7GHfi,16,1.372785705090612184,0,0,0,0.00%
DR2x2oU1vTiRmPJnoEQSK8dZdfoavGLejrf5PND7GHfi,17,1.4002414191924244277,0,0,0,0.00%
DR2x2oU1vTiRmPJnoEQSK8dZdfoavGLejrf5PND7GHfi,18,1.4282462475762729162,0,0,0,0.00%
DR2x2oU1vTiRmPJnoEQSK8dZdfoavGLejrf5PND7GHfi,19,1.4568111725277983745,0,0,0,0.00%
DR2x2oU1vTiRmPJnoEQSK8dZdfoavGLejrf5PND7GHfi,20,1.485947395978354342,0,0,0,0.00%
DR2x2oU1vTiRmPJnoEQSK8dZdfoavGLejrf5PND7GHfi,21,1.5156663438979214289,0,0,0,0.00%
DR2x2oU1vTiRmPJnoEQSK8dZdfoavGLejrf5PND7GHfi,22,1.5459796707758798575,0,0,0,0.00%
DR2x2oU1vTiRmPJnoEQSK8dZdfoavGLejrf5PND7GHfi,23,1.5768992641913974546,0,0,0,0.00%
DR2x2oU1vTiRmPJnoEQSK8dZdfoavGLejrf5PND7GHfi,24,1.6084372494752254037,0,0,0,0.00%
DR2x2oU1vTiRmPJnoEQSK8dZdfoavGLejrf5PND7GHfi,25,1.6406059944647299118,0,0,0,0.00%
DR2x2oU1vTiRmPJnoEQSK8dZdfoavGLejrf5PND7GHfi,26,1.67341811435402451,0,0,0,0.00%
DR2x2oU1vTiRmPJnoEQSK8dZdfoavGLejrf5PND7GHfi,27,1.7068864766411050002,0,0,0,0.00%
DR2x2oU1vTiRmPJnoEQSK8dZdfoavGLejrf5PND7GHfi,28,1.7410242061739271002,0,0,0,0.00%
DR2x2oU1vTiRmPJnoEQSK8dZdfoavGLejrf5PND7GHfi,29,1.7758446902974056422,0,0,0,0.00%
DR2x2oU1vTiRmPJnoEQSK8dZdfoavGLejrf5PND7GHfi,30,1.8113615841033537551,0,0,0,0.00%
DR2x2oU1vTiRmPJnoEQSK8dZdfoavGLejrf5PND7GHfi,31,1.8475888157854208302,0,0,0,0.00%
GGNVcBeeNPpdzjSm1ALmnU8qKxSXuD3fVexYcgzZjCgr,-213,0.12010121039448411685,1.775200223279447720202809202e+27,0,96.23647702804514,6.10%
GGNVcBeeNPpdzjSm1ALmnU8qKxSXuD3fVexYcgzZjCgr,-212,0.12130222249842895802,1.835096746991144582855611391e+27,0,99.48079409380523,6.41%
GGNVcBeeNPpdzjSm1ALmnU8qKxSXuD3fVexYcgzZjCgr,-211,0.1225152447234132476,1.894989247911364732232428722e+27,0,102.72757321947785,6.62%
GGNVcBeeNPpdzjSm1ALmnU8qKxSXuD3fVexYcgzZjCgr,-210,0.12374039717064738008,1.954881730098052721516188909e+27,0,105.9743513475765,6.83%
GGNVcBeeNPpdzjSm1ALmnU8qKxSXuD3fVexYcgzZjCgr,-209,0.12497780114235385388,2.014747091654946337318509177e+27,0,109.22737852677244,7.03%
GGNVcBeeNPpdzjSm1ALmnU8qKxSXuD3fVexYcgzZjCgr,-208,0.12622757915377739242,2.074666729640079285576070053e+27,0,112.46790983471023,7.32%
GGNVcBeeNPpdzjSm1ALmnU8qKxSXuD3fVexYcgzZjCgr,-207,0.12748985494531516634,2.134559215125095609639109564e+27,0,115.71468729805848,7.56%
GGNVcBeeNPpdzjSm1ALmnU8qKxSXuD3fVexYcgzZjCgr,-206,0.12876475349476831801,2.194451735209574780004306922e+27,0,118.96146724972537,7.77%
GGNVcBeeNPpdzjSm1ALmnU8qKxSXuD3fVexYcgzZjCgr,-205,0.13005240102971600119,2.254340543861468200498060697e+27,0,122.20892261265283,7.98%
GGNVcBeeNPpdzjSm1ALmnU8qKxSXuD3fVexYcgzZjCgr,-204,0.1313529250400131612,2.314199996929998189731669767e+27,0,125.45980746665086,8.21%
GGNVcBeeNPpdzjSm1ALmnU8qKxSXuD3fVexYcgzZjCgr,-203,0.13266645429041329281,2.372760277899824110992437348e+27,0,128.73131056672196,6.67%
GGNVcBeeNPpdzjSm1ALmnU8qKxSXuD3fVexYcgzZjCgr,-202,0.13399311883331742574,2.378460982787096888603115065e+27,0,128.94852207466664,6.73%
GGNVcBeeNPpdzjSm1ALmnU8qKxSXuD3fVexYcgzZjCgr,-201,0.1353330500216506,1.827533448360454606312974597e+27,0,99.07300641701828,5.28%
GGNVcBeeNPpdzjSm1ALmnU8qKxSXuD3fVexYcgzZjCgr,-200,0.136686380521867106,1.823364454694916816802557846e+27,0,98.8479316872218,4.46%
GGNVcBeeNPpdzjSm1ALmnU8qKxSXuD3fVexYcgzZjCgr,-199,0.13805324432708577706,1.795364190048701564848089488e+27,0,97.32805864474071,4.40%
GGNVcBeeNPpdzjSm1ALmnU8qKxSXuD3fVexYcgzZjCgr,-198,0.13943377677035663483,1.791207184053136815463299505e+27,0,97.17370772943855,4.37%
GGNVcBeeNPpdzjSm1ALmnU8qKxSXuD3fVexYcgzZjCgr,-197,0.14082811453806020117,1.776311631831909778653266622e+27,0,96.87628732590963,4.68%
GGNVcBeeNPpdzjSm1ALmnU8qKxSXuD3fVexYcgzZjCgr,-196,0.14223639568344080319,1.782895312117650601723294793e+27,0,96.65121097546516,2.17%
GGNVcBeeNPpdzjSm1ALmnU8qKxSXuD3fVexYcgzZjCgr,-195,0.14365875964027521122,1.776906393121731986524927733e+27,0.07072386806969039,96.41612391410315,1.89%
GGNVcBeeNPpdzjSm1ALmnU8qKxSXuD3fVexYcgzZjCgr,-194,0.14509534723667796333,1.774375095691203303649253749e+27,663.0145557173529,0,1.88%
GGNVcBeeNPpdzjSm1ALmnU8qKxSXuD3fVexYcgzZjCgr,-193,0.14654630070904474296,1.768634809636256486054868026e+27,654.9125264992314,0,1.86%
GGNVcBeeNPpdzjSm1ALmnU8qKxSXuD3fVexYcgzZjCgr,-192,0.14801176371613519039,1.765364258691918574065005133e+27,646.9059335298139,0,1.85%
GGNVcBeeNPpdzjSm1ALmnU8qKxSXuD3fVexYcgzZjCgr,-191,0.1494918813532965423,1.762085812030701192870563759e+27,638.993684073311,0,1.84%
GGNVcBeeNPpdzjSm1ALmnU8qKxSXuD3fVexYcgzZjCgr,-190,0.15098680016682950772,1.757957128840647086412839224e+27,631.1746990927791,0,1.76%
GGNVcBeeNPpdzjSm1ALmnU8qKxSXuD3fVexYcgzZjCgr,-189,0.1524966681684978028,1.753775869281492441628292746e+27,623.4479040638131,0,1.76%
GGNVcBeeNPpdzjSm1ALmnU8qKxSXuD3fVexYcgzZjCgr,-188,0.15402163485018278082,1.749312332338792450085622392e+27,615.8122420520422,0,1.75%
GGNVcBeeNPpdzjSm1ALmnU8qKxSXuD3fVexYcgzZjCgr,-187,0.15556185119868460863,1.745037940274530988511716409e+27,608.2666630641025,0,1.75%
GGNVcBeeNPpdzjSm1ALmnU8qKxSXuD3fVexYcgzZjCgr,-186,0.15711746971067145472,1.741330631368647936815748675e+27,600.8101350455637,0,1.71%
GGNVcBeeNPpdzjSm1ALmnU8qKxSXuD3fVexYcgzZjCgr,-185,0.15868864440777816927,1.725428294866644831854857062e+27,593.441634055261,0,1.70%
GGNVcBeeNPpdzjSm1ALmnU8qKxSXuD3fVexYcgzZjCgr,-184,0.16027553085185595096,1.733014015452789375900731799e+27,586.1601450606485,0,1.70%
GGNVcBeeNPpdzjSm1ALmnU8qKxSXuD3fVexYcgzZjCgr,-183,0.16187828616037451047,1.728839649391730053117662487e+27,578.9646700661729,0,1.70%
GGNVcBeeNPpdzjSm1ALmnU8qKxSXuD3fVexYcgzZjCgr,-182,0.16349706902197825557,1.724696878710180933988228348e+27,571.8542180578208,0,1.69%
GGNVcBeeNPpdzjSm1ALmnU8qKxSXuD3fVexYcgzZjCgr,-181,0.16513203971219803813,1.717879407592012062109173697e+27,564.8278110436894,0,1.69%
GGNVcBeeNPpdzjSm1ALmnU8qKxSXuD3fVexYcgzZjCgr,-180,0.16678336010932001851,1.716392942264712844069129273e+27,557.8844840781961,0,1.67%
GGNVcBeeNPpdzjSm1ALmnU8qKxSXuD3fVexYcgzZjCgr,-179,0.1684511937104132187,1.711891429986908932292820229e+27,551.0232770320384,0,1.14%
GGNVcBeeNPpdzjSm1ALmnU8qKxSXuD3fVexYcgzZjCgr,-178,0.17013570564751735088,1.708047290867337122134556051e+27,544.2432460394617,0,1.14%
GGNVcBeeNPpdzjSm1ALmnU8qKxSXuD3fVexYcgzZjCgr,-177,0.17183706270399252439,1.703923687598284625583229715e+27,537.5434580524968,0,1.14%
GGNVcBeeNPpdzjSm1ALmnU8qKxSXuD3fVexYcgzZjCgr,-176,0.17355543333103244964,1.699707011195745968558109819e+27,530.922986041144,0,1.13%
GGNVcBeeNPpdzjSm1ALmnU8qKxSXuD3fVexYcgzZjCgr,-175,0.17529098766434277413,1.68740507633384365920581031e+27,524.380917053995,0,1.13%
CFoi1J8REA2LsNz2KQXBLDSouUAnCc9SXjZCLM6XcGJB,-97,0.091155957447985917049,0,0,0,0.00%
CFoi1J8REA2LsNz2KQXBLDSouUAnCc9SXjZCLM6XcGJB,-96,0.093434856384185564975,0,0,0,0.00%
CFoi1J8REA2LsNz2KQXBLDSouUAnCc9SXjZCLM6XcGJB,-95,0.095770727793790204099,0,0,0,0.00%
CFoi1J8REA2LsNz2KQXBLDSouUAnCc9SXjZCLM6XcGJB,-94,0.098164995988634959202,0,0,0,0.00%
CFoi1J8REA2LsNz2KQXBLDSouUAnCc9SXjZCLM6XcGJB,-93,0.10061912088835083318,0,0,0,0.00%
CFoi1J8REA2LsNz2KQXBLDSouUAnCc9SXjZCLM6XcGJB,-92,0.10313459891055960401,0,0,0,0.00%
CFoi1J8REA2LsNz2KQXBLDSouUAnCc9SXjZCLM6XcGJB,-91,0.10571296388332359411,0,0,0,0.00%
CFoi1J8REA2LsNz2KQXBLDSouUAnCc9SXjZCLM6XcGJB,-90,0.10835578798040668396,0,0,0,0.00%
CFoi1J8REA2LsNz2KQXBLDSouUAnCc9SXjZCLM6XcGJB,-89,0.11106468267991685106,0,0,0,0.00%
CFoi1J8REA2LsNz2KQXBLDSouUAnCc9SXjZCLM6XcGJB,-88,0.11384129974691477234,0,0,0,0.00%
CFoi1J8REA2LsNz2KQXBLDSouUAnCc9SXjZCLM6XcGJB,-87,0.11668733224058764165,0,0,0,0.00%
CFoi1J8REA2LsNz2KQXBLDSouUAnCc9SXjZCLM6XcGJB,-86,0.11960451554660233269,0,0,0,0.00%
CFoi1J8REA2LsNz2KQXBLDSouUAnCc9SXjZCLM6XcGJB,-85,0.12259462843526739101,0,0,0,0.00%
CFoi1J8REA2LsNz2KQXBLDSouUAnCc9SXjZCLM6XcGJB,-84,0.12565949414614907578,0,0,0,0.00%
CFoi1J8REA2LsNz2KQXBLDSouUAnCc9SXjZCLM6XcGJB,-83,0.12880098149980280268,0,0,0,0.00%
CFoi1J8REA2LsNz2KQXBLDSouUAnCc9SXjZCLM6XcGJB,-82,0.13202100603729787274,0,0,0,0.00%
CFoi1J8REA2LsNz2KQXBLDSouUAnCc9SXjZCLM6XcGJB,-81,0.13532153118823031956,0,0,0,0.00%
CFoi1J8REA2LsNz2KQXBLDSouUAnCc9SXjZCLM6XcGJB,-80,0.13870456946793607755,0,0,0,0.00%
CFoi1J8REA2LsNz2KQXBLDSouUAnCc9SXjZCLM6XcGJB,-79,0.14217218370463447949,0,0,0,0.00%
CFoi1J8REA2LsNz2KQXBLDSouUAnCc9SXjZCLM6XcGJB,-78,0.14572648829725034148,0,0,0,0.00%
CFoi1J8REA2LsNz2KQXBLDSouUAnCc9SXjZCLM6XcGJB,-77,0.14936965050468160001,0,0,0,0.00%
CFoi1J8REA2LsNz2KQXBLDSouUAnCc9SXjZCLM6XcGJB,-76,0.15310389176729864001,0,0,0,0.00%
CFoi1J8REA2LsNz2KQXBLDSouUAnCc9SXjZCLM6XcGJB,-75,0.15693148906148110602,0,0,0,0.00%
CFoi1J8REA2LsNz2KQXBLDSouUAnCc9SXjZCLM6XcGJB,-74,0.16085477628801813367,0,0,0,0.00%
CFoi1J8REA2LsNz2KQXBLDSouUAnCc9SXjZCLM6XcGJB,-73,0.16487614569521858701,0,0,0,0.00%
CFoi1J8REA2LsNz2KQXBLDSouUAnCc9SXjZCLM6XcGJB,-72,0.16899804933759905168,0,0,0,0.00%
CFoi1J8REA2LsNz2KQXBLDSouUAnCc9SXjZCLM6XcGJB,-71,0.17322300057103902797,0,0,0,0.00%
CFoi1J8REA2LsNz2KQXBLDSouUAnCc9SXjZCLM6XcGJB,-70,0.17755357558531500367,0,0,0,0.00%
CFoi1J8REA2LsNz2KQXBLDSouUAnCc9SXjZCLM6XcGJB,-69,0.18199241497494787877,0,0,0,0.00%
CFoi1J8REA2LsNz2KQXBLDSouUAnCc9SXjZCLM6XcGJB,-68,0.18654222534932157573,0,0,0,0.00%
CFoi1J8REA2LsNz2KQXBLDSouUAnCc9SXjZCLM6XcGJB,-67,0.19120578098305461513,0,0,0,0.00%
CFoi1J8REA2LsNz2KQXBLDSouUAnCc9SXjZCLM6XcGJB,-66,0.19598592550763098051,0,0,0,0.00%
CFoi1J8REA2LsNz2KQXBLDSouUAnCc9SXjZCLM6XcGJB,-65,0.20088557364532175502,0,0,0,0.00%
CFoi1J8REA2LsNz2KQXBLDSouUAnCc9SXjZCLM6XcGJB,-64,0.20590771298645479889,0,0,0,0.00%
CFoi1J8REA2LsNz2KQXBLDSouUAnCc9SXjZCLM6XcGJB,-63,0.21105540581111616887,0,0,0,0.00%
CFoi1J8REA2LsNz2KQXBLDSouUAnCc9SXjZCLM6XcGJB,-62,0.21633179095639407309,0,0,0,0.00%
CFoi1J8REA2LsNz2KQXBLDSouUAnCc9SXjZCLM6XcGJB,-61,0.22174008573030392492,0,0,0,0.00%
CFoi1J8REA2LsNz2KQXBLDSouUAnCc9SXjZCLM6XcGJB,-60,0.22728358787356152304,0,0,0,0.00%
CFoi1J8REA2LsNz2KQXBLDSouUAnCc9SXjZCLM6XcGJB,-59,0.23296567757040056111,0,0,0,0.00%
CFoi1J8REA2LsNz2KQXBLDSouUAnCc9SXjZCLM6XcGJB,-58,0.23878981950966057514,0,0,0,0.00%
CFoi1J8REA2LsNz2KQXBLDSouUAnCc9SXjZCLM6XcGJB,-57,0.24475956499740208952,0,0,0,0.00%
CFoi1J8REA2LsNz2KQXBLDSouUAnCc9SXjZCLM6XcGJB,-56,0.25087855412233714176,0,0,0,0.00%
CFoi1J8REA2LsNz2KQXBLDSouUAnCc9SXjZCLM6XcGJB,-55,0.2571505179753955703,0,0,0,0.00%
CFoi1J8REA2LsNz2KQXBLDSouUAnCc9SXjZCLM6XcGJB,-54,0.26357928092478045956,0,0,0,0.00%
CFoi1J8REA2LsNz2KQXBLDSouUAnCc9SXjZCLM6XcGJB,-53,0.27016876294789997105,0,0,0,0.00%
CFoi1J8REA2LsNz2KQXBLDSouUAnCc9SXjZCLM6XcGJB,-52,0.27692298202159747033,0,0,0,0.00%
FpWWenUyCsej3Tfos8UEFUEETAd8KetNWoJxwGkdfbH5,-108,0.069474037332824336233,7.85944591702617202410966546e+26,0,42.6100193044679,2.20%
FpWWenUyCsej3Tfos8UEFUEETAd8KetNWoJxwGkdfbH5,-107,0.071210888266144944639,1.110019813443279529906631763e+27,0,60.17429666627357,3.08%
FpWWenUyCsej3Tfos8UEFUEETAd8KetNWoJxwGkdfbH5,-106,0.072991160472798568255,1.433959931110296020081361068e+27,0,77.7438063569291,3.91%
FpWWenUyCsej3Tfos8UEFUEETAd8KetNWoJxwGkdfbH5,-105,0.074815939484618532462,1.758097797861133349801117282e+27,0,95.30808720124847,4.73%
FpWWenUyCsej3Tfos8UEFUEETAd8KetNWoJxwGkdfbH5,-104,0.076686337971733995773,2.080110575070569456044537097e+27,0,112.7726756037086,5.54%
FpWWenUyCsej3Tfos8UEFUEETAd8KetNWoJxwGkdfbH5,-103,0.078603496421027345667,1.978670953955775434028843739e+27,0,107.27040119865926,5.27%
FpWWenUyCsej3Tfos8UEFUEETAd8KetNWoJxwGkdfbH5,-102,0.080568583831553029309,3.02565387322167648408053379e+27,0,164.28950451797053,7.85%
FpWWenUyCsej3Tfos8UEFUEETAd8KetNWoJxwGkdfbH5,-101,0.082582798427341855042,3.02455615479543633849247982e+27,0,164.1784955125963,8.00%
FpWWenUyCsej3Tfos8UEFUEETAd8KetNWoJxwGkdfbH5,-100,0.084647368388025401418,3.047033143780131874845146718e+27,0,165.18000093806762,8.04%
FpWWenUyCsej3Tfos8UEFUEETAd8KetNWoJxwGkdfbH5,-99,0.086763552597726036453,3.019630095772136126961797087e+27,0,163.7187337942084,7.96%
FpWWenUyCsej3Tfos8UEFUEETAd8KetNWoJxwGkdfbH5,-98,0.088932641412669187365,2.971428162033323002954380505e+27,0,161.37827474545796,7.84%
FpWWenUyCsej3Tfos8UEFUEETAd8KetNWoJxwGkdfbH5,-97,0.091155957447985917049,2.932209450153223305823783563e+27,0,159.9275247066956,6.05%
FpWWenUyCsej3Tfos8UEFUEETAd8KetNWoJxwGkdfbH5,-96,0.093434856384185564975,2.916345037938554875383619614e+27,0,158.09583834726345,5.96%
FpWWenUyCsej3Tfos8UEFUEETAd8KetNWoJxwGkdfbH5,-95,0.095770727793790204099,2.872454680975383692969028292e+27,1633.7362531342633,0.012197306476796805,5.89%
FpWWenUyCsej3Tfos8UEFUEETAd8KetNWoJxwGkdfbH5,-94,0.098164995988634959202,2.837327505257668053659098798e+27,1573.202910158768,0,5.76%
FpWWenUyCsej3Tfos8UEFUEETAd8KetNWoJxwGkdfbH5,-93,0.10061912088835083318,2.390786994567508127409197326e+27,1288.2935558405675,0,4.88%
FpWWenUyCsej3Tfos8UEFUEETAd8KetNWoJxwGkdfbH5,-92,0.10313459891055960401,2.323217646247761165082551443e+27,1221.153088267364,0,4.74%
FpWWenUyCsej3Tfos8UEFUEETAd8KetNWoJxwGkdfbH5,-91,0.10571296388332359411,2.255243031953486572018890752e+27,1156.5213772615728,0,4.59%
FpWWenUyCsej3Tfos8UEFUEETAd8KetNWoJxwGkdfbH5,-90,0.10835578798040668396,2.187331342941170513356927045e+27,1094.315991407087,0,5.47%
FpWWenUyCsej3Tfos8UEFUEETAd8KetNWoJxwGkdfbH5,-89,0.11106468267991685106,2.119371901577917849230176121e+27,1034.4570162316659,0,5.30%
FpWWenUyCsej3Tfos8UEFUEETAd8KetNWoJxwGkdfbH5,-88,0.11384129974691477234,2.050377118308586295609592778e+27,976.8670033078948,0,5.13%
FpWWenUyCsej3Tfos8UEFUEETAd8KetNWoJxwGkdfbH5,-87,0.11668733224058764165,1.981664388829869217899156427e+27,921.4708733548498,0,8.56%
FpWWenUyCsej3Tfos8UEFUEETAd8KetNWoJxwGkdfbH5,-86,0.11960451554660233269,1.906132622882461409738505037e+27,868.1958723167943,0,8.24%
FpWWenUyCsej3Tfos8UEFUEETAd8KetNWoJxwGkdfbH5,-85,0.12259462843526739101,1.842719834279202331959397874e+27,816.9714833333023,0,7.96%
FpWWenUyCsej3Tfos8UEFUEETAd8KetNWoJxwGkdfbH5,-84,0.12565949414614907578,1.779382163667913435561200411e+27,767.7293703075346,0,7.67%
FpWWenUyCsej3Tfos8UEFUEETAd8KetNWoJxwGkdfbH5,-83,0.12880098149980280268,1.70702841276562782218562141e+27,720.403308278255,0,7.37%
AWvV1vo7Qpn7ciW7ZWHqRVYg8YsJeiEQJ7o8Atf3j6g9,-160,0.20350739483444732991,0,0,0,0.00%
AWvV1vo7Qpn7ciW7ZWHqRVYg8YsJeiEQJ7o8Atf3j6g9,-159,0.20554246878279180321,0,0,0,0.00%
AWvV1vo7Qpn7ciW7ZWHqRVYg8YsJeiEQJ7o8Atf3j6g9,-158,0.20759789347061972124,0,0,0,0.00%
AWvV1vo7Qpn7ciW7ZWHqRVYg8YsJeiEQJ7o8Atf3j6g9,-157,0.20967387240532591845,0,0,0,0.00%
AWvV1vo7Qpn7ciW7ZWHqRVYg8YsJeiEQJ7o8Atf3j6g9,-156,0.21177061112937917764,0,0,0,0.00%
AWvV1vo7Qpn7ciW7ZWHqRVYg8YsJeiEQJ7o8Atf3j6g9,-155,0.21388831724067296941,0,0,0,0.00%
AWvV1vo7Qpn7ciW7ZWHqRVYg8YsJeiEQJ7o8Atf3j6g9,-154,0.21602720041307969911,0,0,0,0.00%
AWvV1vo7Qpn7ciW7ZWHqRVYg8YsJeiEQJ7o8Atf3j6g9,-153,0.2181874724172104961,0,0,0,0.00%
AWvV1vo7Qpn7ciW7ZWHqRVYg8YsJeiEQJ7o8Atf3j6g9,-152,0.22036934714138260106,0,0,0,0.00%
AWvV1vo7Qpn7ciW7ZWHqRVYg8YsJeiEQJ7o8Atf3j6g9,-151,0.22257304061279642707,0,0,0,0.00%
AWvV1vo7Qpn7ciW7ZWHqRVYg8YsJeiEQJ7o8Atf3j6g9,-150,0.22479877101892439134,0,0,0,0.00%
AWvV1vo7Qpn7ciW7ZWHqRVYg8YsJeiEQJ7o8Atf3j6g9,-149,0.22704675872911363525,0,0,0,0.00%
AWvV1vo7Qpn7ciW7ZWHqRVYg8YsJeiEQJ7o8Atf3j6g9,-148,0.22931722631640477161,0,0,0,0.00%
AWvV1vo7Qpn7ciW7ZWHqRVYg8YsJeiEQJ7o8Atf3j6g9,-147,0.23161039857956881932,0,0,0,0.00%
AWvV1vo7Qpn7ciW7ZWHqRVYg8YsJeiEQJ7o8Atf3j6g9,-146,0.23392650256536450752,0,0,0,0.00%
AWvV1vo7Qpn7ciW7ZWHqRVYg8YsJeiEQJ7o8Atf3j6g9,-145,0.23626576759101815259,0,0,0,0.00%
AWvV1vo7Qpn7ciW7ZWHqRVYg8YsJeiEQJ7o8Atf3j6g9,-144,0.23862842526692833412,0,0,0,0.00%
AWvV1vo7Qpn7ciW7ZWHqRVYg8YsJeiEQJ7o8Atf3j6g9,-143,0.24101470951959761746,0,0,0,0.00%
AWvV1vo7Qpn7ciW7ZWHqRVYg8YsJeiEQJ7o8Atf3j6g9,-142,0.24342485661479359363,0,0,0,0.00%
AWvV1vo7Qpn7ciW7ZWHqRVYg8YsJeiEQJ7o8Atf3j6g9,-141,0.24585910518094152957,0,0,0,0.00%
AWvV1vo7Qpn7ciW7ZWHqRVYg8YsJeiEQJ7o8Atf3j6g9,-140,0.24831769623275094487,0,0,0,0.00%
AWvV1vo7Qpn7ciW7ZWHqRVYg8YsJeiEQJ7o8Atf3j6g9,-139,0.25080087319507845431,0,0,0,0.00%
AWvV1vo7Qpn7ciW7ZWHqRVYg8YsJeiEQJ7o8Atf3j6g9,-138,0.25330888192702923886,0,0,0,0.00%
AWvV1vo7Qpn7ciW7ZWHqRVYg8YsJeiEQJ7o8Atf3j6g9,-137,0.25584197074629953125,0,0,0,0.00%
AWvV1vo7Qpn7ciW7ZWHqRVYg8YsJeiEQJ7o8Atf3j6g9,-136,0.25840039045376252656,0,0,0,0.00%
AWvV1vo7Qpn7ciW7ZWHqRVYg8YsJeiEQJ7o8Atf3j6g9,-135,0.26098439435830015182,0,0,0,0.00%
AWvV1vo7Qpn7ciW7ZWHqRVYg8YsJeiEQJ7o8Atf3j6g9,-134,0.26359423830188315334,0,0,0,0.00%
AWvV1vo7Qpn7ciW7ZWHqRVYg8YsJeiEQJ7o8Atf3j6g9,-133,0.26623018068490198488,0,0,0,0.00%
AWvV1vo7Qpn7ciW7ZWHqRVYg8YsJeiEQJ7o8Atf3j6g9,-132,0.26889248249175100472,0,0,0,0.00%
AWvV1vo7Qpn7ciW7ZWHqRVYg8YsJeiEQJ7o8Atf3j6g9,-131,0.27158140731666851477,0,0,0,0.00%
AWvV1vo7Qpn7ciW7ZWHqRVYg8YsJeiEQJ7o8Atf3j6g9,-130,0.27429722138983519992,0,0,0,0.00%
AWvV1vo7Qpn7ciW7ZWHqRVYg8YsJeiEQJ7o8Atf3j6g9,-129,0.27704019360373355192,0,0,0,0.00%
AWvV1vo7Qpn7ciW7ZWHqRVYg8YsJeiEQJ7o8Atf3j6g9,-128,0.27981059553977088744,0,0,0,0.00%
AWvV1vo7Qpn7ciW7ZWHqRVYg8YsJeiEQJ7o8Atf3j6g9,-127,0.28260870149516859631,0,0,0,0.00%
AWvV1vo7Qpn7ciW7ZWHqRVYg8YsJeiEQJ7o8Atf3j6g9,-126,0.28543478851012028227,0,0,0,0.00%
AWvV1vo7Qpn7ciW7ZWHqRVYg8YsJeiEQJ7o8Atf3j6g9,-125,0.2882891363952214851,0,0,0,0.00%
AWvV1vo7Qpn7ciW7ZWHqRVYg8YsJeiEQJ7o8Atf3j6g9,-124,0.29117202775917369995,0,0,0,0.00%
AWvV1vo7Qpn7ciW7ZWHqRVYg8YsJeiEQJ7o8Atf3j6g9,-123,0.29408374803676543695,0,0,0,0.00%
AWvV1vo7Qpn7ciW7ZWHqRVYg8YsJeiEQJ7o8Atf3j6g9,-122,0.29702458551713309132,0,0,0,0.00%
AWvV1vo7Qpn7ciW7ZWHqRVYg8YsJeiEQJ7o8Atf3j6g9,-121,0.29999483137230442223,0,0,0,0.00%
AWvV1vo7Qpn7ciW7ZWHqRVYg8YsJeiEQJ7o8Atf3j6g9,-120,0.30299477968602746645,0,0,0,0.00%
AWvV1vo7Qpn7ciW7ZWHqRVYg8YsJeiEQJ7o8Atf3j6g9,-119,0.30602472748288774112,0,0,0,0.00%
HQAXSwFT5pkR7kxkUgsxuHQpd6uoTz3UkjE5FQ4mbY6v,-138,0.25330888192702923886,8.08393572311993094540692122e+26,0,43.82767155248197,62.62%
HQAXSwFT5pkR7kxkUgsxuHQpd6uoTz3UkjE5FQ4mbY6v,-137,0.25584197074629953125,8.12800858177927590634287839e+26,0,44.062085623340224,63.47%
HQAXSwFT5pkR7kxkUgsxuHQpd6uoTz3UkjE5FQ4mbY6v,-136,0.25840039045376252656,8.17126005175406831213773748e+26,0,44.296498740062624,64.34%
HQAXSwFT5pkR7kxkUgsxuHQpd6uoTz3UkjE5FQ4mbY6v,-135,0.26098439435830015182,8.21425146728447151173501951e+26,0,44.530911271151936,65.22%
HQAXSwFT5pkR7kxkUgsxuHQpd6uoTz3UkjE5FQ4mbY6v,-134,0.26359423830188315334,8.249035498474756695106964e+26,0,44.76532675670149,66.11%
HQAXSwFT5pkR7kxkUgsxuHQpd6uoTz3UkjE5FQ4mbY6v,-133,0.26623018068490198488,8.30068867020647813887703739e+26,0,44.99974008016186,66.26%
HQAXSwFT5pkR7kxkUgsxuHQpd6uoTz3UkjE5FQ4mbY6v,-132,0.26889248249175100472,8.34404259120187507424034093e+26,0,45.234153699539455,67.16%
HQAXSwFT5pkR7kxkUgsxuHQpd6uoTz3UkjE5FQ4mbY6v,-131,0.27158140731666851477,8.38746895024319724451663184e+26,0,45.468566867399495,68.09%
HQAXSwFT5pkR7kxkUgsxuHQpd6uoTz3UkjE5FQ4mbY6v,-130,0.27429722138983519992,8.43071134538055456777769037e+26,0,45.702981643898255,69.03%
HQAXSwFT5pkR7kxkUgsxuHQpd6uoTz3UkjE5FQ4mbY6v,-129,0.27704019360373355192,8.47395286903709328849220237e+26,0,45.937394687100756,69.99%
HQAXSwFT5pkR7kxkUgsxuHQpd6uoTz3UkjE5FQ4mbY6v,-128,0.27981059553977088744,8.51719458183292728214046843e+26,0,46.171808823596784,70.96%
HQAXSwFT5pkR7kxkUgsxuHQpd6uoTz3UkjE5FQ4mbY6v,-127,0.28260870149516859631,8.56043651990364019794929573e+26,0,46.406221891645714,71.95%
HQAXSwFT5pkR7kxkUgsxuHQpd6uoTz3UkjE5FQ4mbY6v,-126,0.28543478851012028227,8.6036782842074438148931667e+26,0,46.64063547757503,72.96%
HQAXSwFT5pkR7kxkUgsxuHQpd6uoTz3UkjE5FQ4mbY6v,-125,0.2882891363952214851,8.64691993365908171025627374e+26,0,46.8750501381964,73.99%
HQAXSwFT5pkR7kxkUgsxuHQpd6uoTz3UkjE5FQ4mbY6v,-124,0.29117202775917369995,8.69016158809739306900475639e+26,0,47.109463230134715,75.04%
HQAXSwFT5pkR7kxkUgsxuHQpd6uoTz3UkjE5FQ4mbY6v,-123,0.29408374803676543695,8.7334035555652722629280356e+26,0,47.343878599620254,76.11%
HQAXSwFT5pkR7kxkUgsxuHQpd6uoTz3UkjE5FQ4mbY6v,-122,0.29702458551713309132,8.77664493883626830731528344e+26,0,47.578293743300065,77.19%
HQAXSwFT5pkR7kxkUgsxuHQpd6uoTz3UkjE5FQ4mbY6v,-121,0.29999483137230442223,8.81988651860533276304045037e+26,0,47.81270953800242,78.30%
HQAXSwFT5pkR7kxkUgsxuHQpd6uoTz3UkjE5FQ4mbY6v,-120,0.30299477968602746645,8.86312814142723977786021637e+26,0,48.04711971743702,79.43%
HQAXSwFT5pkR7kxkUgsxuHQpd6uoTz3UkjE5FQ4mbY6v,-119,0.30602472748288774112,8.90636978305567535299760684e+26,0,48.28153362411803,80.58%
HQAXSwFT5pkR7kxkUgsxuHQpd6uoTz3UkjE5FQ4mbY6v,-118,0.30908497475771661853,8.94961089474646871534959586e+26,0,48.515949920467214,81.75%
HQAXSwFT5pkR7kxkUgsxuHQpd6uoTz3UkjE5FQ4mbY6v,-117,0.31217582450529378471,8.9928520894737166024274825e+26,0,48.750363787435056,82.94%
HQAXSwFT5pkR7kxkUgsxuHQpd6uoTz3UkjE5FQ4mbY6v,-116,0.31529758275034672256,9.03609346737155145946658816e+26,0,48.98478109289876,84.16%
HQAXSwFT5pkR7kxkUgsxuHQpd6uoTz3UkjE5FQ4mbY6v,-115,0.31845055857785018979,9.00077012943285647628197458e+26,0,49.03834575593755,85.29%
HQAXSwFT5pkR7kxkUgsxuHQpd6uoTz3UkjE5FQ4mbY6v,-114,0.32163506416362869168,9.2289632571554237172083362e+26,0,50.03031775879799,86.80%
HQAXSwFT5pkR7kxkUgsxuHQpd6uoTz3UkjE5FQ4mbY6v,-113,0.3248514148052649786,9.27220472336311421119134368e+26,0,50.26473698897397,88.08%
HQAXSwFT5pkR7kxkUgsxuHQpd6uoTz3UkjE5FQ4mbY6v,-112,0.32809992895331762839,9.31544640062468145127753342e+26,0,50.499152471998705,89.39%
HQAXSwFT5pkR7kxkUgsxuHQpd6uoTz3UkjE5FQ4mbY6v,-111,0.33138092824285080467,9.32846874168654472093984754e+26,0,50.56974252374164,90.69%
HQAXSwFT5pkR7kxkUgsxuHQpd6uoTz3UkjE5FQ4mbY6v,-110,0.33469473752527931272,9.3414909919090378625648749e+26,0,50.640335723651646,92.03%
HQAXSwFT5pkR7kxkUgsxuHQpd6uoTz3UkjE5FQ4mbY6v,-109,0.33804168490053210585,9.33352936687072259578322931e+26,0,50.59717940101474,98.47%
HQAXSwFT5pkR7kxkUgsxuHQpd6uoTz3UkjE5FQ4mbY6v,-108,0.3414221017495374269,9.32556777734171216005672135e+26,0,50.55402232026104,98.47%
HQAXSwFT5pkR7kxkUgsxuHQpd6uoTz3UkjE5FQ4mbY6v,-107,0.34483632276703280117,9.31760618723971390217043768e+26,0,50.51085915299637,98.46%
HQAXSwFT5pkR7kxkUgsxuHQpd6uoTz3UkjE5FQ4mbY6v,-106,0.34828468599470312918,9.30964493263241580772671536e+26,0,50.46769347197063,98.46%
HQAXSwFT5pkR7kxkUgsxuHQpd6uoTz3UkjE5FQ4mbY6v,-105,0.35176753285465016048,9.30168346843206991164764252e+26,0,50.42453234549872,98.46%
HQAXSwFT5pkR7kxkUgsxuHQpd6uoTz3UkjE5FQ4mbY6v,-104,0.35528520818319666208,9.29372183976119155500575817e+26,0,50.3813744208415,98.46%
HQAXSwFT5pkR7kxkUgsxuHQpd6uoTz3UkjE5FQ4mbY6v,-103,0.3588380602650286287,9.28576030203771553554128782e+26,0,50.338212412523575,98.46%
HQAXSwFT5pkR7kxkUgsxuHQpd6uoTz3UkjE5FQ4mbY6v,-102,0.36242644086767891499,9.27779882765993610068157332e+26,138.6793745291144,0.03398561700814836,98.46%
HQAXSwFT5pkR7kxkUgsxuHQpd6uoTz3UkjE5FQ4mbY6v,-101,0.36605070527635570414,9.26983721898097675823892762e+26,137.2812633568472,0,98.46%
HQAXSwFT5pkR7kxkUgsxuHQpd6uoTz3UkjE5FQ4mbY6v,-100,0.36971121232911926118,9.26187565129940977407509507e+26,135.80528663287976,0,98.46%
HQAXSwFT5pkR7kxkUgsxuHQpd6uoTz3UkjE5FQ4mbY6v,-99,0.37340832445241045379,9.25391423046379036205235864e+26,134.34509174579688,0,98.45%
HQAXSwFT5pkR7kxkUgsxuHQpd6uoTz3UkjE5FQ4mbY6v,-98,0.37714240769693455833,9.24595281761127780475974562e+26,132.90049885559245,0,98.45%
HQAXSwFT5pkR7kxkUgsxuHQpd6uoTz3UkjE5FQ4mbY6v,-97,0.38091383177390390391,9.23799124289220521042614638e+26,131.47134488136044,0,98.45%
HQAXSwFT5pkR7kxkUgsxuHQpd6uoTz3UkjE5FQ4mbY6v,-96,0.38472297009164294295,9.22167313169764105925386307e+26,130.0503315332978,0,98.45%
HQAXSwFT5pkR7kxkUgsxuHQpd6uoTz3UkjE5FQ4mbY6v,-95,0.38857019979255937238,8.57305093001745737006937291e+26,119.60413694876159,0,98.33%
HQAXSwFT5pkR7kxkUgsxuHQpd6uoTz3UkjE5FQ4mbY6v,-94,0.39245590179048496611,8.5194683489379888692566766e+26,117.679796,0,98.32%
HQAXSwFT5pkR7kxkUgsxuHQpd6uoTz3UkjE5FQ4mbY6v,-93,0.39638046080838981577,8.46588569260516355969424324e+26,115.781838,0,98.31%
HQAXSwFT5pkR7kxkUgsxuHQpd6uoTz3UkjE5FQ4mbY6v,-92,0.40034426541647371392,8.41230316751784253341931611e+26,113.909929,0,98.30%
HQAXSwFT5pkR7kxkUgsxuHQpd6uoTz3UkjE5FQ4mbY6v,-91,0.40434770807063845106,8.35872053374601009266633496e+26,112.063736,0,98.29%
HQAXSwFT5pkR7kxkUgsxuHQpd6uoTz3UkjE5FQ4mbY6v,-90,0.40839118515134483557,8.3051379201722844950920773e+26,110.242935,0,98.28%
HQAXSwFT5pkR7kxkUgsxuHQpd6uoTz3UkjE5FQ4mbY6v,-89,0.41247509700285828393,8.25155531408729317986094656e+26,108.447204,0,98.27%
HQAXSwFT5pkR7kxkUgsxuHQpd6uoTz3UkjE5FQ4mbY6v,-88,0.41659984797288686677,8.19797271120403412619487525e+26,106.676225,0,98.26%
E9ozpcVnfTtd3nn5WXk377bprMsYo7YzcCmiF5xefH2,-159,0.13873624314570036499,7.72941722830998812732875241e+26,0,41.94570245069534,1.29%
E9ozpcVnfTtd3nn5WXk377bprMsYo7YzcCmiF5xefH2,-158,0.14047044618502161955,7.78659324760503052575399639e+26,0,42.21120735370071,1.12%
E9ozpcVnfTtd3nn5WXk377bprMsYo7YzcCmiF5xefH2,-157,0.1422263267623343898,7.83909563155574604396388243e+26,0,42.49582335822355,1.05%
E9ozpcVnfTtd3nn5WXk377bprMsYo7YzcCmiF5xefH2,-156,0.14400415584686356967,7.89109120350794189734877977e+26,0,42.78243843625252,1.05%
E9ozpcVnfTtd3nn5WXk377bprMsYo7YzcCmiF5xefH2,-155,0.14580420779494936429,7.943720156097515879456517e+26,0,43.06653335263305,0.98%
E9ozpcVnfTtd3nn5WXk377bprMsYo7YzcCmiF5xefH2,-154,0.14762676039238623134,7.99600731101474870874899764e+26,0,43.351959886582776,0.97%
E9ozpcVnfTtd3nn5WXk377bprMsYo7YzcCmiF5xefH2,-153,0.14947209489729105923,8.04862970513914356313553585e+26,0,43.635320042161645,0.87%
E9ozpcVnfTtd3nn5WXk377bprMsYo7YzcCmiF5xefH2,-152,0.15134049608350719747,8.09534489806229378219660646e+26,0,43.942539222700404,0.87%
E9ozpcVnfTtd3nn5WXk377bprMsYo7YzcCmiF5xefH2,-151,0.15323225228455103744,8.14112325636474848978743203e+26,0,44.219997217090516,0.87%
E9ozpcVnfTtd3nn5WXk377bprMsYo7YzcCmiF5xefH2,-150,0.15514765543810792541,8.20306414712186870118954945e+26,0,44.50122192713272,0.88%
E9ozpcVnfTtd3nn5WXk377bprMsYo7YzcCmiF5xefH2,-149,0.15708700113108427448,8.25577098603789018650099318e+26,0,44.78495457042203,0.88%
E9ozpcVnfTtd3nn5WXk377bprMsYo7YzcCmiF5xefH2,-148,0.15905058864522282791,8.30556749095482362343822237e+26,0,45.07923856746203,0.87%
E9ozpcVnfTtd3nn5WXk377bprMsYo7YzcCmiF5xefH2,-147,0.16103872100328811326,8.34062861338568888161163611e+26,0,45.34868996761616,0.87%
E9ozpcVnfTtd3nn5WXk377bprMsYo7YzcCmiF5xefH2,-146,0.16305170501582921467,8.41089148759182063273538174e+26,0,45.64605402909052,0.88%
E9ozpcVnfTtd3nn5WXk377bprMsYo7YzcCmiF5xefH2,-145,0.16508985132852707986,8.46708510183676678066145207e+26,0,45.918353380888924,0.88%
E9ozpcVnfTtd3nn5WXk377bprMsYo7YzcCmiF5xefH2,-144,0.16715347447013366836,8.51869616611753946025682666e+26,0,46.205989956531305,0.89%
E9ozpcVnfTtd3nn5WXk377bprMsYo7YzcCmiF5xefH2,-143,0.16924289290101033921,8.57363930189881411406088451e+26,0,46.48212194512739,0.89%
E9ozpcVnfTtd3nn5WXk377bprMsYo7YzcCmiF5xefH2,-142,0.17135842906227296845,8.62194235813645227942247492e+26,0,46.78463747571481,0.82%
E9ozpcVnfTtd3nn5WXk377bprMsYo7YzcCmiF5xefH2,-141,0.17350040942555138056,8.64783591940992511085099004e+26,0,47.0590597703964,0.81%
E9ozpcVnfTtd3nn5WXk377bprMsYo7YzcCmiF5xefH2,-140,0.17566916454337077281,8.73083057548704724023985584e+26,0,47.33697667914863,0.79%
E9ozpcVnfTtd3nn5WXk377bprMsYo7YzcCmiF5xefH2,-139,0.17786502910016290747,8.77880631451952585753386505e+26,0,47.61961544676203,0.77%
E9ozpcVnfTtd3nn5WXk377bprMsYo7YzcCmiF5xefH2,-138,0.18008834196391494382,8.82686416523288646604900784e+26,0,47.85435857735209,0.77%
E9ozpcVnfTtd3nn5WXk377bprMsYo7YzcCmiF5xefH2,-137,0.18233944623846388061,8.45445843123430544660497855e+26,0,45.86014724410282,0.78%
E9ozpcVnfTtd3nn5WXk377bprMsYo7YzcCmiF5xefH2,-136,0.18461868931644467912,1.029694218832769778923048591e+27,0,55.871481930578675,0.94%
E9ozpcVnfTtd3nn5WXk377bprMsYo7YzcCmiF5xefH2,-135,0.18692642293290023761,1.027631215448132052892369439e+27,0,55.70948886623834,0.92%
E9ozpcVnfTtd3nn5WXk377bprMsYo7YzcCmiF5xefH2,-134,0.18926300321956149058,1.023647847522724236812643753e+27,0,55.58264110062483,0.92%
E9ozpcVnfTtd3nn5WXk377bprMsYo7YzcCmiF5xefH2,-133,0.19162879075980600921,1.049104857069159576914536339e+27,0,56.87223215102396,0.96%
E9ozpcVnfTtd3nn5WXk377bprMsYo7YzcCmiF5xefH2,-132,0.19402415064430358433,1.040318231206445926144867666e+27,0,56.44543537963285,0.95%
E9ozpcVnfTtd3nn5WXk377bprMsYo7YzcCmiF5xefH2,-131,0.19644945252735737913,1.032733673665758987842417614e+27,0,55.98672014157087,0.95%
E9ozpcVnfTtd3nn5WXk377bprMsYo7YzcCmiF5xefH2,-130,0.19890507068394934637,1.024569461884377115358633097e+27,0,55.548699661893245,0.94%
E9ozpcVnfTtd3nn5WXk377bprMsYo7YzcCmiF5xefH2,-129,0.2013913840674987132,1.016111542631616151012511135e+27,0,55.106110233965495,0.94%
E9ozpcVnfTtd3nn5WXk377bprMsYo7YzcCmiF5xefH2,-128,0.20390877636834244712,1.006869658516157503370925112e+27,0,54.661827054322565,0.93%
E9ozpcVnfTtd3nn5WXk377bprMsYo7YzcCmiF5xefH2,-127,0.20645763607294672771,9.99292879136948578025821019e+26,0,54.23381046007542,0.94%
E9ozpcVnfTtd3nn5WXk377bprMsYo7YzcCmiF5xefH2,-126,0.2090383565238585618,9.91346136783592214931767454e+26,0,53.770133281213745,0.93%
E9ozpcVnfTtd3nn5WXk377bprMsYo7YzcCmiF5xefH2,-125,0.21165133598040679382,9.82734603024209860366298635e+26,0,53.35357380965542,0.93%
E9ozpcVnfTtd3nn5WXk377bprMsYo7YzcCmiF5xefH2,-124,0.21429697768016187875,9.74017337172770247487126923e+26,0,52.89191541314754,0.92%
E9ozpcVnfTtd3nn5WXk377bprMsYo7YzcCmiF5xefH2,-123,0.21697568990116390223,9.66862637353889350265311812e+26,0,52.471502261573804,0.91%
E9ozpcVnfTtd3nn5WXk377bprMsYo7YzcCmiF5xefH2,-122,0.21968788602492845101,9.59151200155515136631955828e+26,0,51.99821730870118,0.90%
JDBHtt89vGZ95Sk3yB3biwRXBbqseLwWpBJptLoRmt6n,304,20.591957343908228802,3.0086267215566627067428170706e+28,79.20470174220247,0,0.31%
JDBHtt89vGZ95Sk3yB3biwRXBbqseLwWpBJptLoRmt6n,305,20.79787691734731109,3.0086202874526634083066571094e+28,78.4204968767866,0,0.30%
JDBHtt89vGZ95Sk3yB3biwRXBbqseLwWpBJptLoRmt6n,306,21.005855686520784201,3.0086267223840816444745188224e+28,77.6531063273481,0,0.31%
JDBHtt89vGZ95Sk3yB3biwRXBbqseLwWpBJptLoRmt6n,307,21.215914243385992043,3.0086265025035940241976413327e+28,76.8753032862116,0,0.33%
JDBHtt89vGZ95Sk3yB3biwRXBbqseLwWpBJptLoRmt6n,308,21.428073385819851963,3.0085660912853301278457600172e+28,76.11416854739255,0,0.34%
JDBHtt89vGZ95Sk3yB3biwRXBbqseLwWpBJptLoRmt6n,309,21.642354119678050483,3.0085637847246562199446293883e+28,75.36055599553947,0,0.35%
JDBHtt89vGZ95Sk3yB3biwRXBbqseLwWpBJptLoRmt6n,310,21.858777660874830988,3.0086181821432750709226687625e+28,74.63209218766406,0,0.36%
JDBHtt89vGZ95Sk3yB3biwRXBbqseLwWpBJptLoRmt6n,311,22.077365437483579298,3.0086266680873346778870986567e+28,73.8756554061012,0,0.38%
JDBHtt89vGZ95Sk3yB3biwRXBbqseLwWpBJptLoRmt6n,312,22.29813909185841509,3.0080050396341120779815113526e+28,73.14421333596115,0,0.39%
JDBHtt89vGZ95Sk3yB3biwRXBbqseLwWpBJptLoRmt6n,313,22.521120482776999241,3.0086265757012540214624025058e+28,72.42626559168373,0,0.41%
JDBHtt89vGZ95Sk3yB3biwRXBbqseLwWpBJptLoRmt6n,314,22.746331687604769234,3.0086265457341759722619338065e+28,71.70412705621087,0,0.43%
JDBHtt89vGZ95Sk3yB3biwRXBbqseLwWpBJptLoRmt6n,315,22.973795004480816926,3.0086235938046612472438101538e+28,70.9930527147336,0,0.45%
JDBHtt89vGZ95Sk3yB3biwRXBbqseLwWpBJptLoRmt6n,316,23.203532954525625095,3.0086264833833590671375724935e+28,70.29015120675898,0,0.48%
JDBHtt89vGZ95Sk3yB3biwRXBbqseLwWpBJptLoRmt6n,317,23.435568284070881346,3.0086177642146820580019942786e+28,69.59420910566398,0,0.50%
JDBHtt89vGZ95Sk3yB3biwRXBbqseLwWpBJptLoRmt6n,318,23.66992396691159016,3.008626572817650792870986046e+28,68.90515754343623,0,0.53%
JDBHtt89vGZ95Sk3yB3biwRXBbqseLwWpBJptLoRmt6n,319,23.906623206580706061,2.9908073174426223072065324736e+28,68.22292826524644,0,0.57%
JDBHtt89vGZ95Sk3yB3biwRXBbqseLwWpBJptLoRmt6n,320,24.145689438646513122,3.0086265173126931226340253248e+28,67.54745375450352,0,0.58%
JDBHtt89vGZ95Sk3yB3biwRXBbqseLwWpBJptLoRmt6n,321,24.387146333032978253,3.0086004758513116886916958135e+28,66.88007288749748,0,0.59%
JDBHtt89vGZ95Sk3yB3biwRXBbqseLwWpBJptLoRmt6n,322,24.631017796363308036,3.0070453082229359270050919407e+28,66.21650151976527,0,0.59%
JDBHtt89vGZ95Sk3yB3biwRXBbqseLwWpBJptLoRmt6n,323,24.877327974326941116,3.0065154304060470339622044642e+28,65.56089303526792,0,0.59%
JDBHtt89vGZ95Sk3yB3biwRXBbqseLwWpBJptLoRmt6n,324,25.126101254070210527,3.0086264558476925070960071932e+28,64.91177504635577,0,0.60%
JDBHtt89vGZ95Sk3yB3biwRXBbqseLwWpBJptLoRmt6n,325,25.377362266610912633,3.0008992944934354186858110018e+28,64.2690840327565,0,0.60%
JDBHtt89vGZ95Sk3yB3biwRXBbqseLwWpBJptLoRmt6n,326,25.631135889277021759,3.0084455743571061737630003256e+28,63.632756027755626,0,0.61%
JDBHtt89vGZ95Sk3yB3biwRXBbqseLwWpBJptLoRmt6n,327,25.887447248169791977,3.0056621357335259420451555276e+28,63.002729030709595,0,0.60%
JDBHtt89vGZ95Sk3yB3biwRXBbqseLwWpBJptLoRmt6n,328,26.146321720651489896,3.0074778888297852033966357816e+28,62.37894003579629,0,0.61%
JDBHtt89vGZ95Sk3yB3biwRXBbqseLwWpBJptLoRmt6n,329,26.407784937858004795,3.0086266361330242726768586472e+28,61.76132602803991,0,0.61%
JDBHtt89vGZ95Sk3yB3biwRXBbqseLwWpBJptLoRmt6n,330,26.671862787236584843,3.0085755077237257885405522077e+28,61.14982802598249,0,0.62%
JDBHtt89vGZ95Sk3yB3biwRXBbqseLwWpBJptLoRmt6n,331,26.938581415108950692,3.0072689623848384171839015385e+28,60.54438402069475,0,0.62%
JDBHtt89vGZ95Sk3yB3biwRXBbqseLwWpBJptLoRmt6n,332,27.207967229260040199,3.008625563144069210309704111e+28,59.9449350355429,0,0.63%
JDBHtt89vGZ95Sk3yB3biwRXBbqseLwWpBJptLoRmt6n,333,27.480046901552640601,3.0085211722258576765199546818e+28,59.351421037027485,0,0.63%
JDBHtt89vGZ95Sk3yB3biwRXBbqseLwWpBJptLoRmt6n,334,27.754847370568167007,3.0081215881161301883349711628e+28,58.763783028608,0,0.64%
JDBHtt89vGZ95Sk3yB3biwRXBbqseLwWpBJptLoRmt6n,335,28.032395844273848677,3.0086266804227332915812380152e+28,58.18196301999077,0,0.64%
JDBHtt89vGZ95Sk3yB3biwRXBbqseLwWpBJptLoRmt6n,336,28.312719802716587163,3.0085847984126594297724559364e+28,57.6059040347583,0,0.65%
JDBHtt89vGZ95Sk3yB3biwRXBbqseLwWpBJptLoRmt6n,337,28.595847000743753035,3.0071382939896862125228004625e+28,57.03554903122631,0,0.65%
JDBHtt89vGZ95Sk3yB3biwRXBbqseLwWpBJptLoRmt6n,338,28.881805470751190565,3.0085447967976154527359153385e+28,56.4708400242629,0,0.66%
JDBHtt89vGZ95Sk3yB3biwRXBbqseLwWpBJptLoRmt6n,339,29.170623525458702471,3.0086179456959069060518646527e+28,55.91172302688085,0,0.63%
CyqN3g32FP5KacvzerCXFuhyPZRioFUeHmWozPs75qzY,323,24.877327974326941116,0,0,0,0.00%
CyqN3g32FP5KacvzerCXFuhyPZRioFUeHmWozPs75qzY,324,25.126101254070210527,0,0,0,0.00%
CyqN3g32FP5KacvzerCXFuhyPZRioFUeHmWozPs75qzY,325,25.377362266610912633,0,0,0,0.00%
CyqN3g32FP5KacvzerCXFuhyPZRioFUeHmWozPs75qzY,326,25.631135889277021759,0,0,0,0.00%
CyqN3g32FP5KacvzerCXFuhyPZRioFUeHmWozPs75qzY,327,25.887447248169791977,0,0,0,0.00%
CyqN3g32FP5KacvzerCXFuhyPZRioFUeHmWozPs75qzY,328,26.146321720651489896,0,0,0,0.00%
CyqN3g32FP5KacvzerCXFuhyPZRioFUeHmWozPs75qzY,329,26.407784937858004795,0,0,0,0.00%
CyqN3g32FP5KacvzerCXFuhyPZRioFUeHmWozPs75qzY,330,26.671862787236584843,0,0,0,0.00%
CyqN3g32FP5KacvzerCXFuhyPZRioFUeHmWozPs75qzY,331,26.938581415108950692,0,0,0,0.00%
CyqN3g32FP5KacvzerCXFuhyPZRioFUeHmWozPs75qzY,332,27.207967229260040199,0,0,0,0.00%
CyqN3g32FP5KacvzerCXFuhyPZRioFUeHmWozPs75qzY,333,27.480046901552640601,0,0,0,0.00%
CyqN3g32FP5KacvzerCXFuhyPZRioFUeHmWozPs75qzY,334,27.754847370568167007,0,0,0,0.00%
CyqN3g32FP5KacvzerCXFuhyPZRioFUeHmWozPs75qzY,335,28.032395844273848677,0,0,0,0.00%
CyqN3g32FP5KacvzerCXFuhyPZRioFUeHmWozPs75qzY,336,28.312719802716587163,0,0,0,0.00%
CyqN3g32FP5KacvzerCXFuhyPZRioFUeHmWozPs75qzY,337,28.595847000743753035,0,0,0,0.00%
CyqN3g32FP5KacvzerCXFuhyPZRioFUeHmWozPs75qzY,338,28.881805470751190565,0,0,0,0.00%
CyqN3g32FP5KacvzerCXFuhyPZRioFUeHmWozPs75qzY,339,29.170623525458702471,0,0,0,0.00%
CyqN3g32FP5KacvzerCXFuhyPZRioFUeHmWozPs75qzY,340,29.462329760713289496,0,0,0,0.00%
CyqN3g32FP5KacvzerCXFuhyPZRioFUeHmWozPs75qzY,341,29.756953058320422391,0,0,0,0.00%
CyqN3g32FP5KacvzerCXFuhyPZRioFUeHmWozPs75qzY,342,30.054522588903626615,0,0,0,0.00%
CyqN3g32FP5KacvzerCXFuhyPZRioFUeHmWozPs75qzY,343,30.355067814792662881,0,0,0,0.00%
CyqN3g32FP5KacvzerCXFuhyPZRioFUeHmWozPs75qzY,344,30.65861849294058951,0,0,0,0.00%
CyqN3g32FP5KacvzerCXFuhyPZRioFUeHmWozPs75qzY,345,30.965204677869995405,0,0,0,0.00%
CyqN3g32FP5KacvzerCXFuhyPZRioFUeHmWozPs75qzY,346,31.274856724648695359,0,0,0,0.00%
CyqN3g32FP5KacvzerCXFuhyPZRioFUeHmWozPs75qzY,347,31.587605291895182312,0,0,0,0.00%
CyqN3g32FP5KacvzerCXFuhyPZRioFUeHmWozPs75qzY,348,31.903481344814134135,0,0,0,0.00%
CyqN3g32FP5KacvzerCXFuhyPZRioFUeHmWozPs75qzY,349,32.222516158262275477,0,0,0,0.00%
CyqN3g32FP5KacvzerCXFuhyPZRioFUeHmWozPs75qzY,350,32.544741319844898231,0,0,0,0.00%
CyqN3g32FP5KacvzerCXFuhyPZRioFUeHmWozPs75qzY,351,32.870188733043347214,0,0,0,0.00%
CyqN3g32FP5KacvzerCXFuhyPZRioFUeHmWozPs75qzY,352,33.198890620373780686,0,0,0,0.00%
CyqN3g32FP5KacvzerCXFuhyPZRioFUeHmWozPs75qzY,353,33.530879526577518493,0,0,0,0.00%
CyqN3g32FP5KacvzerCXFuhyPZRioFUeHmWozPs75qzY,354,33.866188321843293678,0,0,0,0.00%
CyqN3g32FP5KacvzerCXFuhyPZRioFUeHmWozPs75qzY,355,34.204850205061726615,0,0,0,0.00%
CyqN3g32FP5KacvzerCXFuhyPZRioFUeHmWozPs75qzY,356,34.546898707112343881,0,0,0,0.00%
CyqN3g32FP5KacvzerCXFuhyPZRioFUeHmWozPs75qzY,357,34.892367694183467319,0,0,0,0.00%
CyqN3g32FP5KacvzerCXFuhyPZRioFUeHmWozPs75qzY,358,35.241291371125301993,0,0,0,0.00%
CyqN3g32FP5KacvzerCXFuhyPZRioFUeHmWozPs75qzY,359,35.593704284836555013,0,0,0,0.00%
CyqN3g32FP5KacvzerCXFuhyPZRioFUeHmWozPs75qzY,360,35.949641327684920563,0,0,0,0.00%
CyqN3g32FP5KacvzerCXFuhyPZRioFUeHmWozPs75qzY,361,36.309137740961769768,0,0,0,0.00%
CyqN3g32FP5KacvzerCXFuhyPZRioFUeHmWozPs75qzY,362,36.672229118371387466,0,0,0,0.00%
CyqN3g32FP5KacvzerCXFuhyPZRioFUeHmWozPs75qzY,363,37.038951409555101341,0,0,0,0.00%
CyqN3g32FP5KacvzerCXFuhyPZRioFUeHmWozPs75qzY,364,37.409340923650652354,0,0,0,0.00%
CyqN3g32FP5KacvzerCXFuhyPZRioFUeHmWozPs75qzY,365,37.783434332887158878,0,0,0,0.00%
CyqN3g32FP5KacvzerCXFuhyPZRioFUeHmWozPs75qzY,366,38.161268676216030466,0,0,0,0.00%
CyqN3g32FP5KacvzerCXFuhyPZRioFUeHmWozPs75qzY,367,38.542881362978190771,0,0,0,0.00%
CyqN3g32FP5KacvzerCXFuhyPZRioFUeHmWozPs75qzY,368,38.928310176607972679,0,0,0,0.00%
CyqN3g32FP5KacvzerCXFuhyPZRioFUeHmWozPs75qzY,369,39.317593278374052406,0,0,0,0.00%
CyqN3g32FP5KacvzerCXFuhyPZRioFUeHmWozPs75qzY,370,39.71076921115779293,0,0,0,0.00%
okouUF2cJnzueWmra6onRsGxALGqdCd5Gq5f3BSWPWp,-45,0.17119841184948084153,2.117422830000067178098015068e+27,0,114.78573,23.95%
okouUF2cJnzueWmra6onRsGxALGqdCd5Gq5f3BSWPWp,-44,0.1780463483234600752,2.117410176469660587686416888e+27,0,114.78573,23.99%
okouUF2cJnzueWmra6onRsGxALGqdCd5Gq5f3BSWPWp,-43,0.1851682022563984782,2.117422450066274606924101469e+27,0,114.78573,23.99%
okouUF2cJnzueWmra6onRsGxALGqdCd5Gq5f3BSWPWp,-42,0.19257493034665441733,2.115580147571034067153062719e+27,0,114.78573,24.00%
okouUF2cJnzueWmra6onRsGxALGqdCd5Gq5f3BSWPWp,-41,0.20027792756052059402,2.117268370606521548165736402e+27,7.896506348723206,113.20423493015844,24.03%
okouUF2cJnzueWmra6onRsGxALGqdCd5Gq5f3BSWPWp,-40,0.20828904466294141779,2.080225823526171968494907008e+27,551.088662,0,24.08%
okouUF2cJnzueWmra6onRsGxALGqdCd5Gq5f3BSWPWp,-39,0.2166206064494590745,2.116671662021359540498689043e+27,529.892944,0,24.01%
okouUF2cJnzueWmra6onRsGxALGqdCd5Gq5f3BSWPWp,-38,0.22528543070743743748,2.116342149177482770131507744e+27,509.512446,0,24.06%
okouUF2cJnzueWmra6onRsGxALGqdCd5Gq5f3BSWPWp,-37,0.23429684793573493498,2.112507217248000847854060429e+27,489.915814,0,24.06%
okouUF2cJnzueWmra6onRsGxALGqdCd5Gq5f3BSWPWp,-36,0.24366872185316433238,2.11358926274802465786937327e+27,471.072898,0,24.14%
okouUF2cJnzueWmra6onRsGxALGqdCd5Gq5f3BSWPWp,-35,0.25341547072729090567,2.116587068750715111622626705e+27,452.954709,0,24.21%
okouUF2cJnzueWmra6onRsGxALGqdCd5Gq5f3BSWPWp,-34,0.2635520895563825419,2.117220444201007886305719569e+27,435.533374,0,24.26%
okouUF2cJnzueWmra6onRsGxALGqdCd5Gq5f3BSWPWp,-33,0.27409417313863784357,2.117418980345619925858757717e+27,418.782091,0,24.27%
okouUF2cJnzueWmra6onRsGxALGqdCd5Gq5f3BSWPWp,-32,0.28505794006418335732,2.117134660045462127914340662e+27,402.675087,0,22.79%
okouUF2cJnzueWmra6onRsGxALGqdCd5Gq5f3BSWPWp,-31,0.29646025766675069161,2.115605681276177639532492031e+27,387.187584,0,22.55%
okouUF2cJnzueWmra6onRsGxALGqdCd5Gq5f3BSWPWp,-30,0.30831866797342071927,2.116915754197360962635963368e+27,372.295754,0,22.32%
okouUF2cJnzueWmra6onRsGxALGqdCd5Gq5f3BSWPWp,-29,0.32065141469235754804,2.114945398223787969311710841e+27,357.976686,0,22.08%
